,SEASON_YEAR,TEAM_ID,TEAM_ABBREVIATION,TEAM_NAME,GAME_ID,GAME_DATE,MATCHUP,WL,MIN,FGM,FGA,FG_PCT,FG3M,FG3A,FG3_PCT,FTM,FTA,FT_PCT,OREB,DREB,REB,AST,TOV,STL,BLK,BLKA,PF,PFD,PTS,PLUS_MINUS,GP_RANK,W_RANK,L_RANK,W_PCT_RANK,MIN_RANK,FGM_RANK,FGA_RANK,FG_PCT_RANK,FG3M_RANK,FG3A_RANK,FG3_PCT_RANK,FTM_RANK,FTA_RANK,FT_PCT_RANK,OREB_RANK,DREB_RANK,REB_RANK,AST_RANK,TOV_RANK,STL_RANK,BLK_RANK,BLKA_RANK,PF_RANK,PFD_RANK,PTS_RANK,PLUS_MINUS_RANK,AVAILABLE_FLAG
2008,2022-23,1610612737,ATL,Atlanta Hawks,42200115,2023-04-25T00:00:00,ATL @ BOS,W,48.0,45,96,0.469,19,41,0.463,10,10,1.0,6,28,34,26,9.0,5,4,9,16,20,119,2.0,1,1,1,1,9,27,19,76,7,29,17,149,159,1,141,136,149,41,21,111,81,157,29,75,43,79,1.0
2009,2022-23,1610612737,ATL,Atlanta Hawks,42200112,2023-04-18T00:00:00,ATL @ BOS,L,48.0,43,101,0.426,16,48,0.333,4,8,0.5,19,30,49,21,16.0,10,4,12,11,8,106,-13.0,1,85,85,85,9,41,6,126,18,7,89,167,163,168,3,114,30,115,131,20,81,166,6,167,100,137,1.0
2010,2022-23,1610612737,ATL,Atlanta Hawks,42200111,2023-04-15T00:00:00,ATL @ BOS,L,48.0,38,98,0.388,5,29,0.172,18,22,0.818,14,31,45,23,11.0,13,4,7,17,15,99,-13.0,1,85,85,85,9,107,13,151,166,123,168,63,66,76,23,103,61,89,49,7,81,128,37,141,132,137,1.0
2011,2022-23,1610612751,BKN,Brooklyn Nets,42200121,2023-04-15T00:00:00,BKN @ PHI,L,48.0,39,70,0.557,13,29,0.448,10,15,0.667,5,30,35,23,20.0,3,5,3,15,17,101,-20.0,1,85,85,85,9,95,168,10,55,123,23,149,144,147,154,114,142,89,165,147,58,33,19,117,121,156,1.0
2012,2022-23,1610612751,BKN,Brooklyn Nets,42200122,2023-04-17T00:00:00,BKN @ PHI,L,48.0,30,80,0.375,13,42,0.31,11,17,0.647,5,28,33,24,9.0,10,1,7,20,22,84,-12.0,1,85,85,85,9,163,133,157,55,23,118,142,120,152,154,136,156,72,21,20,158,128,82,40,165,133,1.0
2013,2022-23,1610612738,BOS,Boston Celtics,42200113,2023-04-21T00:00:00,BOS @ ATL,L,48.0,45,92,0.489,21,48,0.438,11,16,0.688,6,23,29,31,12.0,11,0,6,17,15,122,-8.0,1,85,85,85,9,27,39,52,2,7,28,142,132,145,141,161,166,9,62,13,168,112,37,141,30,116,1.0
2014,2022-23,1610612738,BOS,Boston Celtics,42200116,2023-04-27T00:00:00,BOS @ ATL,W,48.0,47,94,0.5,18,42,0.429,16,17,0.941,11,36,47,24,7.0,7,10,7,16,15,128,8.0,1,1,1,1,9,19,30,43,9,23,32,85,120,12,58,36,47,72,5,60,6,128,29,141,10,48,1.0
2015,2022-23,1610612738,BOS,Boston Celtics,42200114,2023-04-23T00:00:00,BOS @ ATL,W,48.0,46,89,0.517,16,40,0.4,21,25,0.84,9,40,49,25,16.0,4,5,4,23,24,129,8.0,1,1,1,1,9,21,66,29,18,32,47,40,45,59,91,11,30,55,131,132,58,55,130,18,7,48,1.0
2016,2022-23,1610612738,BOS,Boston Celtics,42200306,2023-05-27T00:00:00,BOS @ MIA,W,48.0,34,78,0.436,7,35,0.2,29,34,0.853,12,35,47,18,12.0,4,8,4,22,24,104,1.0,1,1,1,1,9,145,151,116,149,66,163,5,10,51,46,50,47,148,62,132,13,55,110,18,107,82,1.0
2017,2022-23,1610612738,BOS,Boston Celtics,42200303,2023-05-21T00:00:00,BOS @ MIA,L,48.0,39,98,0.398,11,42,0.262,13,17,0.765,21,36,57,25,15.0,3,3,4,24,16,102,-26.0,1,85,85,85,9,95,13,142,92,23,139,124,120,108,1,36,4,55,117,147,115,55,141,133,116,163,1.0
2018,2022-23,1610612738,BOS,Boston Celtics,42200304,2023-05-23T00:00:00,BOS @ MIA,W,48.0,43,84,0.512,18,45,0.4,12,18,0.667,7,32,39,28,10.0,8,8,2,24,18,116,17.0,1,1,1,1,9,41,103,32,9,13,47,132,110,147,129,87,117,24,31,47,13,12,141,103,54,18,1.0
2019,2022-23,1610612738,BOS,Boston Celtics,42200213,2023-05-05T00:00:00,BOS @ PHI,W,48.0,38,86,0.442,16,45,0.356,22,23,0.957,9,36,45,25,12.0,9,7,8,23,20,114,12.0,1,1,1,1,9,107,83,109,18,13,81,33,58,7,91,36,61,55,62,35,21,149,130,75,63,33,1.0
2020,2022-23,1610612738,BOS,Boston Celtics,42200216,2023-05-11T00:00:00,BOS @ PHI,W,48.0,33,78,0.423,15,35,0.429,14,16,0.875,6,44,50,22,18.0,7,6,7,14,13,95,9.0,1,1,1,1,9,150,151,129,32,66,32,116,132,33,141,5,23,102,152,60,42,128,14,156,147,43,1.0
2021,2022-23,1610612738,BOS,Boston Celtics,42200214,2023-05-07T00:00:00,BOS @ PHI,L,53.0,41,87,0.471,17,44,0.386,16,22,0.727,13,31,44,25,10.0,3,12,3,21,23,115,-1.0,1,85,85,85,1,71,79,71,11,18,60,85,66,128,35,103,73,55,31,147,2,33,95,29,59,85,1.0
2022,2022-23,1610612739,CLE,Cleveland Cavaliers,42200134,2023-04-23T00:00:00,CLE @ NYK,L,48.0,36,77,0.468,6,23,0.261,15,19,0.789,7,26,33,24,13.0,3,5,7,23,15,93,-9.0,1,85,85,85,9,127,158,79,160,159,140,101,99,98,129,148,156,72,78,147,58,128,130,141,152,122,1.0
2023,2022-23,1610612739,CLE,Cleveland Cavaliers,42200133,2023-04-21T00:00:00,CLE @ NYK,L,48.0,31,80,0.388,7,33,0.212,10,17,0.588,13,29,42,16,21.0,7,4,5,18,17,79,-20.0,1,85,85,85,9,158,133,152,149,90,161,149,120,163,35,126,90,161,167,60,81,89,53,117,168,156,1.0
2024,2022-23,1610612743,DEN,Denver Nuggets,42200314,2023-05-22T00:00:00,DEN @ LAL,W,48.0,41,85,0.482,12,33,0.364,19,22,0.864,11,29,40,25,11.0,3,9,4,20,19,113,2.0,1,1,1,1,9,71,91,59,81,90,77,53,66,42,58,126,108,55,49,147,8,55,82,88,69,79,1.0
2025,2022-23,1610612743,DEN,Denver Nuggets,42200313,2023-05-20T00:00:00,DEN @ LAL,W,48.0,44,88,0.5,17,41,0.415,14,19,0.737,5,34,39,30,6.0,7,1,2,19,18,119,11.0,1,1,1,1,9,35,73,43,11,29,40,116,99,125,154,61,117,15,3,60,158,12,67,103,43,37,1.0
2026,2022-23,1610612743,DEN,Denver Nuggets,42200403,2023-06-07T00:00:00,DEN @ MIA,W,48.0,41,80,0.513,5,18,0.278,22,27,0.815,13,45,58,28,14.0,3,5,3,18,22,109,15.0,1,1,1,1,9,71,133,31,166,168,132,33,34,77,35,4,2,24,98,147,58,33,53,40,87,25,1.0
2027,2022-23,1610612743,DEN,Denver Nuggets,42200404,2023-06-09T00:00:00,DEN @ MIA,W,48.0,39,79,0.494,14,28,0.5,16,21,0.762,5,29,34,26,8.0,11,7,3,18,19,108,13.0,1,1,1,1,9,95,140,49,44,131,5,85,79,109,154,126,149,41,12,13,21,33,53,88,92,28,1.0
2028,2022-23,1610612743,DEN,Denver Nuggets,42200144,2023-04-23T00:00:00,DEN @ MIN,L,53.0,42,95,0.442,12,35,0.343,12,18,0.667,10,37,47,21,12.0,6,5,7,23,19,108,-6.0,1,85,85,85,1,53,25,108,81,66,87,132,110,147,82,30,47,115,62,80,58,128,130,88,92,106,1.0
2029,2022-23,1610612743,DEN,Denver Nuggets,42200143,2023-04-21T00:00:00,DEN @ MIN,W,48.0,48,84,0.571,13,32,0.406,11,13,0.846,5,35,40,32,15.0,8,4,2,26,21,120,9.0,1,1,1,1,9,13,103,4,55,101,45,142,152,55,154,50,108,5,117,47,81,12,159,60,40,43,1.0
2030,2022-23,1610612743,DEN,Denver Nuggets,42200224,2023-05-07T00:00:00,DEN @ PHX,L,48.0,50,89,0.562,7,22,0.318,17,23,0.739,10,22,32,28,9.0,6,2,4,19,24,124,-5.0,1,85,85,85,9,4,66,7,149,162,108,75,58,123,82,166,160,24,21,80,137,55,67,18,24,98,1.0
2031,2022-23,1610612743,DEN,Denver Nuggets,42200226,2023-05-11T00:00:00,DEN @ PHX,W,48.0,44,82,0.537,8,22,0.364,29,31,0.935,7,34,41,24,11.0,10,3,5,22,22,125,25.0,1,1,1,1,9,35,120,18,137,162,77,5,15,16,129,61,99,72,49,20,115,89,110,40,20,7,1.0
2032,2022-23,1610612743,DEN,Denver Nuggets,42200223,2023-05-05T00:00:00,DEN @ PHX,L,48.0,43,97,0.443,10,30,0.333,18,21,0.857,16,35,51,27,13.0,6,5,6,21,24,114,-7.0,1,85,85,85,9,41,17,107,104,116,89,63,79,48,14,50,20,34,78,80,58,112,95,18,63,112,1.0
2033,2022-23,1610612744,GSW,Golden State Warriors,42200233,2023-05-06T00:00:00,GSW @ LAL,L,48.0,36,91,0.396,13,44,0.295,12,17,0.706,14,28,42,26,19.0,5,6,6,22,21,97,-30.0,1,85,85,85,9,127,51,146,55,18,125,132,120,139,23,136,90,41,160,111,42,112,110,60,138,166,1.0
2034,2022-23,1610612744,GSW,Golden State Warriors,42200236,2023-05-12T00:00:00,GSW @ LAL,L,48.0,39,103,0.379,13,48,0.271,10,14,0.714,20,33,53,25,11.0,3,2,6,30,17,101,-21.0,1,85,85,85,9,95,4,155,55,7,136,149,150,134,2,76,13,55,49,147,137,112,165,117,121,159,1.0
2035,2022-23,1610612744,GSW,Golden State Warriors,42200234,2023-05-08T00:00:00,GSW @ LAL,L,48.0,40,86,0.465,12,41,0.293,9,12,0.75,9,31,40,29,16.0,9,2,1,22,15,101,-3.0,1,85,85,85,9,82,83,84,81,29,128,155,156,118,91,103,108,19,131,35,137,2,110,141,121,91,1.0
2036,2022-23,1610612744,GSW,Golden State Warriors,42200162,2023-04-17T00:00:00,GSW @ SAC,L,48.0,39,82,0.476,13,40,0.325,15,18,0.833,9,32,41,18,22.0,6,2,5,26,25,106,-8.0,1,85,85,85,9,95,120,65,55,32,98,101,110,62,91,87,99,148,168,80,137,89,159,11,100,116,1.0
2037,2022-23,1610612744,GSW,Golden State Warriors,42200165,2023-04-26T00:00:00,GSW @ SAC,W,48.0,50,96,0.521,11,38,0.289,12,19,0.632,11,32,43,33,15.0,11,7,3,24,18,123,7.0,1,1,1,1,9,4,19,25,92,46,129,132,99,157,58,87,84,3,117,13,21,33,141,103,26,54,1.0
2038,2022-23,1610612744,GSW,Golden State Warriors,42200161,2023-04-15T00:00:00,GSW @ SAC,L,48.0,43,90,0.478,16,50,0.32,21,27,0.778,9,32,41,31,15.0,7,7,3,25,23,123,-3.0,1,85,85,85,9,41,60,61,18,3,105,40,34,103,91,87,99,9,117,60,21,33,152,29,26,91,1.0
2039,2022-23,1610612744,GSW,Golden State Warriors,42200167,2023-04-30T00:00:00,GSW @ SAC,W,48.0,43,100,0.43,15,46,0.326,19,30,0.633,18,37,55,25,7.0,4,6,5,23,23,120,20.0,1,1,1,1,9,41,8,124,32,12,97,53,19,156,4,30,8,55,5,132,42,89,130,29,40,11,1.0
2040,2022-23,1610612746,LAC,LA Clippers,42200175,2023-04-25T00:00:00,LAC @ PHX,L,48.0,43,95,0.453,13,36,0.361,31,37,0.838,17,29,46,23,10.0,4,1,4,21,27,130,-6.0,1,85,85,85,9,41,25,95,55,60,79,3,5,61,8,126,56,89,31,132,158,55,95,5,4,106,1.0
2041,2022-23,1610612746,LAC,LA Clippers,42200172,2023-04-18T00:00:00,LAC @ PHX,L,48.0,35,80,0.438,11,30,0.367,28,31,0.903,12,20,32,17,15.0,7,4,6,20,22,109,-14.0,1,85,85,85,9,137,133,114,92,116,76,9,15,21,46,167,160,158,117,60,81,112,82,40,87,142,1.0
2042,2022-23,1610612746,LAC,LA Clippers,42200171,2023-04-16T00:00:00,LAC @ PHX,W,48.0,41,93,0.441,10,31,0.323,23,29,0.793,15,34,49,23,14.0,6,4,9,21,25,115,5.0,1,1,1,1,9,71,35,110,104,109,101,23,22,94,19,61,30,89,98,80,81,157,95,11,59,64,1.0
2043,2022-23,1610612747,LAL,Los Angeles Lakers,42200312,2023-05-18T00:00:00,LAL @ DEN,L,48.0,36,82,0.439,8,30,0.267,23,26,0.885,4,36,40,26,12.0,10,7,2,19,18,103,-5.0,1,85,85,85,9,127,120,111,137,116,138,23,41,29,164,36,108,41,62,20,21,12,67,103,110,98,1.0
2044,2022-23,1610612747,LAL,Los Angeles Lakers,42200311,2023-05-16T00:00:00,LAL @ DEN,L,48.0,46,84,0.548,11,24,0.458,23,26,0.885,5,25,30,30,7.0,6,4,7,21,21,126,-6.0,1,85,85,85,9,21,103,12,92,156,18,23,41,29,154,155,164,15,5,80,81,128,95,60,16,106,1.0
2045,2022-23,1610612747,LAL,Los Angeles Lakers,42200235,2023-05-10T00:00:00,LAL @ GSW,L,48.0,42,87,0.483,10,27,0.37,12,15,0.8,7,31,38,24,14.0,6,4,5,17,18,106,-15.0,1,85,85,85,9,53,79,58,104,139,72,132,144,85,129,103,121,72,98,80,81,89,37,103,100,143,1.0
2046,2022-23,1610612747,LAL,Los Angeles Lakers,42200231,2023-05-02T00:00:00,LAL @ GSW,W,48.0,43,92,0.467,6,25,0.24,25,29,0.862,13,40,53,24,8.0,4,10,3,12,24,117,5.0,1,1,1,1,9,41,39,80,160,152,152,16,22,47,35,11,13,72,12,132,6,33,7,18,50,64,1.0
2047,2022-23,1610612747,LAL,Los Angeles Lakers,42200232,2023-05-04T00:00:00,LAL @ GSW,L,48.0,40,94,0.426,10,34,0.294,10,17,0.588,9,31,40,27,9.0,9,3,3,15,23,100,-27.0,1,85,85,85,9,82,30,127,104,80,126,149,120,163,91,103,108,34,21,35,115,33,19,29,128,164,1.0
2048,2022-23,1610612747,LAL,Los Angeles Lakers,42200151,2023-04-16T00:00:00,LAL @ MEM,W,48.0,49,92,0.533,16,37,0.432,14,16,0.875,10,35,45,25,16.0,7,11,2,18,19,128,16.0,1,1,1,1,9,10,39,22,18,53,29,116,132,33,82,50,61,55,131,60,4,12,53,88,10,22,1.0
2049,2022-23,1610612747,LAL,Los Angeles Lakers,42200155,2023-04-26T00:00:00,LAL @ MEM,L,48.0,37,92,0.402,10,39,0.256,15,20,0.75,14,40,54,28,13.0,8,3,2,17,19,99,-17.0,1,85,85,85,9,120,39,138,104,38,144,101,89,118,23,11,10,24,78,47,115,12,37,88,132,148,1.0
2050,2022-23,1610612747,LAL,Los Angeles Lakers,42200152,2023-04-19T00:00:00,LAL @ MEM,L,48.0,35,85,0.412,7,26,0.269,16,21,0.762,11,36,47,21,13.0,5,7,6,19,20,93,-10.0,1,85,85,85,9,137,91,133,149,147,137,85,79,109,58,36,47,115,78,111,21,112,67,75,152,127,1.0
2051,2022-23,1610612763,MEM,Memphis Grizzlies,42200154,2023-04-24T00:00:00,MEM @ LAL,L,53.0,42,106,0.396,9,42,0.214,18,21,0.857,16,33,49,26,13.0,7,7,11,26,17,111,-6.0,1,85,85,85,1,53,2,145,124,23,159,63,79,48,14,76,30,41,78,60,21,164,159,117,78,106,1.0
2052,2022-23,1610612763,MEM,Memphis Grizzlies,42200156,2023-04-28T00:00:00,MEM @ LAL,L,48.0,29,96,0.302,12,38,0.316,15,20,0.75,14,31,45,19,14.0,10,2,15,17,16,85,-40.0,1,85,85,85,9,166,19,168,81,46,109,101,89,118,23,103,61,142,98,20,137,168,37,133,164,168,1.0
2053,2022-23,1610612763,MEM,Memphis Grizzlies,42200153,2023-04-22T00:00:00,MEM @ LAL,L,48.0,35,93,0.376,13,39,0.333,18,20,0.9,18,32,50,23,18.0,7,2,8,22,18,101,-10.0,1,85,85,85,9,137,35,156,55,38,89,63,89,23,4,87,23,89,152,60,137,149,110,103,121,127,1.0
2054,2022-23,1610612748,MIA,Miami Heat,42200301,2023-05-17T00:00:00,MIA @ BOS,W,48.0,46,85,0.541,16,31,0.516,15,19,0.789,7,28,35,20,15.0,12,3,3,22,18,123,7.0,1,1,1,1,9,21,91,15,18,109,3,101,99,98,129,136,142,129,117,10,115,33,110,103,26,54,1.0
2055,2022-23,1610612748,MIA,Miami Heat,42200307,2023-05-29T00:00:00,MIA @ BOS,W,48.0,42,86,0.488,14,28,0.5,5,6,0.833,7,35,42,26,14.0,7,2,4,15,13,103,19.0,1,1,1,1,9,53,83,53,44,131,5,164,165,62,129,50,90,41,98,60,137,55,19,156,110,14,1.0
2056,2022-23,1610612748,MIA,Miami Heat,42200305,2023-05-25T00:00:00,MIA @ BOS,L,48.0,40,78,0.513,9,23,0.391,8,10,0.8,10,26,36,20,16.0,6,2,4,13,9,97,-13.0,1,85,85,85,9,82,151,30,124,159,59,158,159,85,82,148,137,129,131,80,137,55,8,165,138,137,1.0
2057,2022-23,1610612748,MIA,Miami Heat,42200302,2023-05-19T00:00:00,MIA @ BOS,W,48.0,42,92,0.457,9,26,0.346,18,19,0.947,11,34,45,23,11.0,9,5,9,17,20,111,6.0,1,1,1,1,9,53,39,88,124,147,85,63,99,8,58,61,61,89,49,35,58,157,37,75,78,58,1.0
2058,2022-23,1610612748,MIA,Miami Heat,42200405,2023-06-12T00:00:00,MIA @ DEN,L,48.0,33,96,0.344,9,35,0.257,14,16,0.875,11,33,44,18,8.0,9,7,7,21,13,89,-5.0,1,85,85,85,9,150,19,166,124,66,143,116,132,33,58,76,73,148,12,35,21,128,95,156,157,98,1.0
2059,2022-23,1610612748,MIA,Miami Heat,42200402,2023-06-04T00:00:00,MIA @ DEN,W,48.0,38,78,0.487,17,35,0.486,18,20,0.9,8,23,31,28,11.0,5,4,2,22,21,111,3.0,1,1,1,1,9,107,151,56,11,66,11,63,89,23,111,161,163,24,49,111,81,12,110,60,78,75,1.0
2060,2022-23,1610612748,MIA,Miami Heat,42200401,2023-06-01T00:00:00,MIA @ DEN,L,48.0,39,96,0.406,13,39,0.333,2,2,1.0,11,32,43,26,8.0,5,4,4,15,8,93,-11.0,1,85,85,85,9,95,19,134,55,38,89,168,168,1,58,87,84,41,12,111,81,55,19,167,152,130,1.0
2061,2022-23,1610612748,MIA,Miami Heat,42200101,2023-04-16T00:00:00,MIA @ MIL,W,48.0,50,84,0.595,15,25,0.6,15,21,0.714,4,32,36,32,16.0,6,1,4,24,22,130,13.0,1,1,1,1,9,4,103,1,32,152,1,101,79,134,164,87,137,5,131,80,158,55,141,40,4,28,1.0
2062,2022-23,1610612748,MIA,Miami Heat,42200105,2023-04-26T00:00:00,MIA @ MIL,W,53.0,50,110,0.455,17,45,0.378,11,17,0.647,9,36,45,25,11.0,6,5,1,31,21,128,2.0,1,1,1,1,1,4,1,93,11,13,67,142,120,152,91,36,61,55,49,80,58,2,167,60,10,79,1.0
2063,2022-23,1610612748,MIA,Miami Heat,42200102,2023-04-19T00:00:00,MIA @ MIL,L,48.0,45,84,0.536,16,36,0.444,16,23,0.696,7,34,41,26,17.0,10,2,4,9,16,122,-16.0,1,85,85,85,9,27,103,19,18,60,26,85,58,142,129,61,99,41,148,20,137,55,3,133,30,145,1.0
2064,2022-23,1610612748,MIA,Miami Heat,42200201,2023-04-30T00:00:00,MIA @ NYK,W,48.0,36,85,0.424,13,39,0.333,23,29,0.793,10,29,39,26,9.0,8,5,4,14,21,108,7.0,1,1,1,1,9,127,91,128,55,38,89,23,22,94,82,126,117,41,21,47,58,55,14,60,92,54,1.0
2065,2022-23,1610612748,MIA,Miami Heat,42200205,2023-05-10T00:00:00,MIA @ NYK,L,48.0,37,88,0.42,13,43,0.302,16,19,0.842,11,23,34,27,12.0,11,4,4,30,19,103,-9.0,1,85,85,85,9,120,73,130,55,21,123,85,99,58,58,161,149,34,62,13,81,55,165,88,110,122,1.0
2066,2022-23,1610612748,MIA,Miami Heat,42200202,2023-05-02T00:00:00,MIA @ NYK,L,48.0,38,85,0.447,17,49,0.347,12,17,0.706,8,26,34,24,7.0,1,2,2,24,20,105,-6.0,1,85,85,85,9,107,91,104,11,5,84,132,120,139,111,148,149,72,5,167,137,12,141,75,104,106,1.0
2067,2022-23,1610612749,MIL,Milwaukee Bucks,42200103,2023-04-22T00:00:00,MIL @ MIA,L,48.0,38,85,0.447,15,39,0.385,8,12,0.667,8,29,37,22,18.0,7,3,4,15,18,99,-22.0,1,85,85,85,9,107,91,104,32,38,61,158,156,147,111,126,132,102,152,60,115,55,19,103,132,160,1.0
2068,2022-23,1610612749,MIL,Milwaukee Bucks,42200104,2023-04-24T00:00:00,MIL @ MIA,L,48.0,42,97,0.433,13,40,0.325,17,20,0.85,16,30,46,28,14.0,10,6,5,20,20,114,-5.0,1,85,85,85,9,53,17,121,55,32,98,75,89,53,14,114,56,24,98,20,42,89,82,75,63,98,1.0
2069,2022-23,1610612750,MIN,Minnesota Timberwolves,42200141,2023-04-16T00:00:00,MIN @ DEN,L,48.0,30,81,0.37,11,36,0.306,9,16,0.563,5,33,38,18,12.0,6,6,4,16,20,80,-29.0,1,85,85,85,9,163,128,161,92,60,119,155,132,166,154,76,121,148,62,80,42,55,29,75,167,165,1.0
2070,2022-23,1610612750,MIN,Minnesota Timberwolves,42200142,2023-04-19T00:00:00,MIN @ DEN,L,48.0,40,79,0.506,14,31,0.452,19,23,0.826,9,26,35,24,13.0,4,5,1,25,25,113,-9.0,1,85,85,85,9,82,140,35,44,109,22,53,58,71,91,148,142,72,78,132,58,2,152,11,69,122,1.0
2071,2022-23,1610612750,MIN,Minnesota Timberwolves,42200145,2023-04-25T00:00:00,MIN @ DEN,L,48.0,41,81,0.506,8,33,0.242,19,25,0.76,8,32,40,24,14.0,9,4,3,27,21,109,-3.0,1,85,85,85,9,71,128,39,137,90,150,53,45,113,111,87,108,72,98,35,81,33,163,60,87,91,1.0
2072,2022-23,1610612752,NYK,New York Knicks,42200131,2023-04-15T00:00:00,NYK @ CLE,W,48.0,37,88,0.42,8,29,0.276,19,22,0.864,17,34,51,18,16.0,11,1,2,20,17,101,4.0,1,1,1,1,9,120,73,130,137,123,134,53,66,42,8,61,20,148,131,13,158,12,82,117,121,72,1.0
2073,2022-23,1610612752,NYK,New York Knicks,42200132,2023-04-18T00:00:00,NYK @ CLE,L,48.0,29,79,0.367,7,29,0.241,25,30,0.833,13,23,36,16,18.0,14,5,7,18,22,90,-17.0,1,85,85,85,9,166,140,163,149,123,151,16,19,62,35,161,137,161,152,1,58,128,53,40,156,148,1.0
2074,2022-23,1610612752,NYK,New York Knicks,42200135,2023-04-26T00:00:00,NYK @ CLE,W,48.0,37,85,0.435,9,29,0.31,23,29,0.793,17,31,48,21,14.0,6,5,2,17,22,106,11.0,1,1,1,1,9,120,91,118,124,123,117,23,22,94,8,103,41,115,98,80,58,12,37,40,100,37,1.0
2075,2022-23,1610612752,NYK,New York Knicks,42200206,2023-05-12T00:00:00,NYK @ MIA,L,48.0,27,71,0.38,10,35,0.286,28,32,0.875,8,33,41,13,12.0,2,9,2,22,22,92,-4.0,1,85,85,85,9,168,166,154,104,66,130,9,13,33,111,76,99,167,62,161,8,12,110,40,155,95,1.0
2076,2022-23,1610612752,NYK,New York Knicks,42200204,2023-05-08T00:00:00,NYK @ MIA,L,48.0,37,76,0.487,9,28,0.321,18,24,0.75,8,27,35,21,17.0,5,4,4,23,21,101,-8.0,1,85,85,85,9,120,160,57,124,131,103,63,52,118,111,143,142,115,148,111,81,55,130,60,121,116,1.0
2077,2022-23,1610612752,NYK,New York Knicks,42200203,2023-05-06T00:00:00,NYK @ MIA,L,48.0,31,91,0.341,8,40,0.2,16,22,0.727,14,34,48,15,13.0,4,3,5,22,25,86,-19.0,1,85,85,85,9,158,51,167,137,32,163,85,66,128,23,61,41,163,78,132,115,89,110,11,162,153,1.0
2078,2022-23,1610612755,PHI,Philadelphia 76ers,42200123,2023-04-20T00:00:00,PHI @ BKN,W,48.0,40,82,0.488,13,31,0.419,9,13,0.692,11,35,46,15,15.0,5,3,3,17,13,102,5.0,1,1,1,1,9,82,120,55,55,109,38,155,152,144,58,50,56,163,117,111,115,33,37,156,116,64,1.0
2079,2022-23,1610612755,PHI,Philadelphia 76ers,42200124,2023-04-22T00:00:00,PHI @ BKN,W,48.0,36,91,0.396,9,24,0.375,15,16,0.938,15,39,54,19,10.0,7,3,6,19,14,96,8.0,1,1,1,1,9,127,51,146,124,156,69,101,132,13,19,18,10,142,31,60,115,112,67,151,144,48,1.0
2080,2022-23,1610612755,PHI,Philadelphia 76ers,42200215,2023-05-09T00:00:00,PHI @ BOS,W,48.0,40,79,0.506,12,30,0.4,23,27,0.852,9,40,49,20,13.0,4,5,1,24,16,115,12.0,1,1,1,1,9,82,140,35,81,116,47,23,34,52,91,11,30,129,78,132,58,2,141,133,59,33,1.0
2081,2022-23,1610612755,PHI,Philadelphia 76ers,42200211,2023-05-01T00:00:00,PHI @ BOS,W,48.0,45,89,0.506,17,38,0.447,12,12,1.0,8,20,28,17,8.0,10,4,4,20,10,119,4.0,1,1,1,1,9,27,66,40,11,46,25,132,156,1,111,167,168,158,12,20,81,55,82,164,43,72,1.0
2082,2022-23,1610612755,PHI,Philadelphia 76ers,42200212,2023-05-03T00:00:00,PHI @ BOS,L,48.0,31,79,0.392,6,30,0.2,19,23,0.826,6,35,41,13,13.0,2,8,8,17,17,87,-34.0,1,85,85,85,9,158,140,148,160,116,163,53,58,71,141,50,99,167,78,161,13,149,37,117,160,167,1.0
2083,2022-23,1610612755,PHI,Philadelphia 76ers,42200217,2023-05-14T00:00:00,PHI @ BOS,L,48.0,31,83,0.373,8,37,0.216,18,19,0.947,7,30,37,15,14.0,4,7,7,14,13,88,-24.0,1,85,85,85,9,158,114,159,137,53,158,63,99,8,129,114,132,163,98,132,21,128,14,156,158,161,1.0
2084,2022-23,1610612756,PHX,Phoenix Suns,42200221,2023-04-29T00:00:00,PHX @ DEN,L,48.0,43,84,0.512,7,23,0.304,14,17,0.824,8,30,38,20,16.0,4,5,1,19,19,107,-18.0,1,85,85,85,9,41,103,32,149,159,121,116,120,73,111,114,121,129,131,132,58,2,67,88,98,152,1.0
2085,2022-23,1610612756,PHX,Phoenix Suns,42200222,2023-05-01T00:00:00,PHX @ DEN,L,48.0,38,95,0.4,6,31,0.194,5,5,1.0,11,28,39,23,10.0,2,4,6,25,16,87,-10.0,1,85,85,85,9,107,25,139,160,109,166,164,167,1,58,136,117,89,31,161,81,112,152,133,160,127,1.0
2086,2022-23,1610612756,PHX,Phoenix Suns,42200225,2023-05-09T00:00:00,PHX @ DEN,L,48.0,38,88,0.432,9,27,0.333,17,24,0.708,8,34,42,22,10.0,6,7,6,22,17,102,-16.0,1,85,85,85,9,107,73,122,124,139,89,75,52,138,111,61,90,102,31,80,21,112,110,117,116,145,1.0
2087,2022-23,1610612756,PHX,Phoenix Suns,42200173,2023-04-20T00:00:00,PHX @ LAC,W,48.0,42,88,0.477,10,27,0.37,35,46,0.761,15,30,45,20,13.0,12,4,7,18,31,129,5.0,1,1,1,1,9,53,73,62,104,139,72,1,1,112,19,114,61,129,78,10,81,128,53,1,7,64,1.0
2088,2022-23,1610612756,PHX,Phoenix Suns,42200174,2023-04-22T00:00:00,PHX @ LAC,W,48.0,41,84,0.488,9,22,0.409,21,27,0.778,14,35,49,25,18.0,10,8,5,14,22,112,12.0,1,1,1,1,9,71,103,54,124,162,44,40,34,103,23,50,30,55,152,20,13,89,14,40,71,33,1.0
2089,2022-23,1610612758,SAC,Sacramento Kings,42200163,2023-04-20T00:00:00,SAC @ GSW,L,48.0,35,92,0.38,11,47,0.234,16,23,0.696,13,40,53,21,15.0,6,3,5,22,19,97,-17.0,1,85,85,85,9,137,39,153,92,10,156,85,58,142,35,11,13,115,117,80,115,89,110,88,138,148,1.0
2090,2022-23,1610612758,SAC,Sacramento Kings,42200164,2023-04-23T00:00:00,SAC @ GSW,L,48.0,48,102,0.471,14,35,0.4,15,18,0.833,12,32,44,25,10.0,5,3,6,21,19,125,-1.0,1,85,85,85,9,13,5,73,44,66,47,101,110,62,46,87,73,55,31,111,115,112,95,88,20,85,1.0
2091,2022-23,1610612758,SAC,Sacramento Kings,42200166,2023-04-28T00:00:00,SAC @ GSW,W,48.0,40,99,0.404,17,45,0.378,21,25,0.84,18,35,53,25,20.0,10,8,6,26,23,118,19.0,1,1,1,1,9,82,10,136,11,13,67,40,45,59,4,50,13,55,165,20,13,112,159,29,48,14,1.0
2092,2022-23,1610612737,ATL,Atlanta Hawks,42200116,2023-04-27T00:00:00,ATL vs. BOS,L,48.0,44,94,0.468,15,35,0.429,17,22,0.773,12,33,45,28,10.0,5,7,10,15,16,120,-8.0,1,85,85,85,9,35,30,78,32,66,32,75,66,105,46,76,61,24,31,111,21,162,19,133,40,116,1.0
2093,2022-23,1610612737,ATL,Atlanta Hawks,42200114,2023-04-23T00:00:00,ATL vs. BOS,L,48.0,43,98,0.439,14,37,0.378,21,24,0.875,11,31,42,25,12.0,8,4,5,24,23,121,-8.0,1,85,85,85,9,41,13,112,44,53,66,40,52,33,58,103,90,55,62,47,81,89,141,29,34,116,1.0
2094,2022-23,1610612737,ATL,Atlanta Hawks,42200113,2023-04-21T00:00:00,ATL vs. BOS,W,48.0,51,91,0.56,15,34,0.441,13,16,0.813,11,37,48,24,19.0,5,6,0,15,17,130,8.0,1,1,1,1,9,2,51,8,32,80,27,124,132,79,58,30,41,72,160,111,42,1,19,117,4,48,1.0
2095,2022-23,1610612751,BKN,Brooklyn Nets,42200123,2023-04-20T00:00:00,BKN vs. PHI,L,48.0,34,79,0.43,10,30,0.333,19,22,0.864,8,26,34,22,10.0,5,3,3,13,17,97,-5.0,1,85,85,85,9,145,140,123,104,116,89,53,66,42,111,148,149,102,31,111,115,33,8,117,138,98,1.0
2096,2022-23,1610612751,BKN,Brooklyn Nets,42200124,2023-04-22T00:00:00,BKN vs. PHI,L,48.0,33,80,0.413,9,37,0.243,13,19,0.684,5,33,38,20,10.0,3,6,3,14,19,88,-8.0,1,85,85,85,9,150,133,132,124,53,149,124,99,146,154,76,121,129,31,147,42,33,14,88,158,116,1.0
2097,2022-23,1610612738,BOS,Boston Celtics,42200111,2023-04-15T00:00:00,BOS vs. ATL,W,48.0,42,88,0.477,13,33,0.394,15,18,0.833,12,46,58,25,17.0,6,7,4,15,17,112,13.0,1,1,1,1,9,53,73,62,55,90,54,101,110,62,46,1,2,55,148,80,21,55,19,117,71,28,1.0
2098,2022-23,1610612738,BOS,Boston Celtics,42200112,2023-04-18T00:00:00,BOS vs. ATL,W,48.0,48,86,0.558,15,33,0.455,8,10,0.8,5,39,44,28,16.0,10,12,4,8,11,119,13.0,1,1,1,1,9,13,83,9,32,90,19,158,159,85,154,18,73,24,131,20,2,55,1,163,43,28,1.0
2099,2022-23,1610612738,BOS,Boston Celtics,42200115,2023-04-25T00:00:00,BOS vs. ATL,L,48.0,49,92,0.533,12,38,0.316,7,13,0.538,9,34,43,31,9.0,1,9,4,20,16,117,-2.0,1,85,85,85,9,10,39,22,81,46,109,162,152,167,91,61,84,9,21,167,8,55,82,133,50,88,1.0
2100,2022-23,1610612738,BOS,Boston Celtics,42200307,2023-05-29T00:00:00,BOS vs. MIA,L,48.0,32,82,0.39,9,42,0.214,11,13,0.846,10,30,40,18,15.0,6,4,2,13,15,84,-19.0,1,85,85,85,9,156,120,149,124,23,159,142,152,55,82,114,108,148,117,80,81,12,8,141,165,153,1.0
2101,2022-23,1610612738,BOS,Boston Celtics,42200305,2023-05-25T00:00:00,BOS vs. MIA,W,48.0,40,79,0.506,16,39,0.41,14,19,0.737,12,25,37,23,10.0,13,4,2,9,13,110,13.0,1,1,1,1,9,82,140,35,18,38,42,116,99,125,46,155,132,89,31,7,81,12,3,156,85,28,1.0
2102,2022-23,1610612738,BOS,Boston Celtics,42200302,2023-05-19T00:00:00,BOS vs. MIA,L,48.0,37,79,0.468,10,35,0.286,21,24,0.875,6,29,35,22,15.0,2,9,5,20,17,105,-6.0,1,85,85,85,9,120,140,77,104,66,130,40,52,33,141,126,142,102,117,161,8,89,82,117,104,106,1.0
2103,2022-23,1610612738,BOS,Boston Celtics,42200301,2023-05-17T00:00:00,BOS vs. MIA,L,48.0,42,81,0.519,10,29,0.345,22,29,0.759,9,25,34,22,15.0,6,3,3,18,22,116,-7.0,1,85,85,85,9,53,128,28,104,123,86,33,22,115,91,155,149,102,117,80,115,33,53,40,54,112,1.0
2104,2022-23,1610612738,BOS,Boston Celtics,42200217,2023-05-14T00:00:00,BOS vs. PHI,W,48.0,41,87,0.471,15,33,0.455,15,18,0.833,7,36,43,18,8.0,7,7,7,13,14,112,24.0,1,1,1,1,9,71,79,71,32,90,19,101,110,62,129,36,84,148,12,60,21,128,8,151,71,8,1.0
2105,2022-23,1610612738,BOS,Boston Celtics,42200211,2023-05-01T00:00:00,BOS vs. PHI,L,48.0,44,75,0.587,10,26,0.385,17,18,0.944,8,30,38,26,16.0,3,4,4,10,20,115,-4.0,1,85,85,85,9,35,162,3,104,147,61,75,110,11,111,114,121,41,131,147,81,55,5,75,59,95,1.0
2106,2022-23,1610612738,BOS,Boston Celtics,42200215,2023-05-09T00:00:00,BOS vs. PHI,L,48.0,33,83,0.398,12,38,0.316,25,34,0.735,9,27,36,21,8.0,4,1,5,16,24,103,-12.0,1,85,85,85,9,150,114,143,81,46,109,16,10,127,91,143,137,115,12,132,158,89,29,18,110,133,1.0
2107,2022-23,1610612738,BOS,Boston Celtics,42200212,2023-05-03T00:00:00,BOS vs. PHI,W,48.0,43,92,0.467,20,51,0.392,15,16,0.938,8,38,46,26,7.0,6,8,8,17,17,121,34.0,1,1,1,1,9,41,39,80,6,2,58,101,132,13,111,24,56,41,5,80,13,149,37,117,34,2,1.0
2108,2022-23,1610612739,CLE,Cleveland Cavaliers,42200132,2023-04-18T00:00:00,CLE vs. NYK,W,48.0,38,77,0.494,14,33,0.424,17,21,0.81,11,32,43,26,18.0,10,7,5,22,18,107,17.0,1,1,1,1,9,107,158,50,44,90,36,75,79,82,58,87,84,41,152,20,21,89,110,103,98,18,1.0
2109,2022-23,1610612739,CLE,Cleveland Cavaliers,42200135,2023-04-26T00:00:00,CLE vs. NYK,L,48.0,35,75,0.467,13,33,0.394,12,15,0.8,4,26,30,24,13.0,5,2,5,22,17,95,-11.0,1,85,85,85,9,137,162,82,55,90,54,132,144,85,164,148,164,72,78,111,137,89,110,117,147,130,1.0
2110,2022-23,1610612739,CLE,Cleveland Cavaliers,42200131,2023-04-15T00:00:00,CLE vs. NYK,L,48.0,36,83,0.434,10,31,0.323,15,21,0.714,11,27,38,20,14.0,9,2,1,17,20,97,-4.0,1,85,85,85,9,127,114,120,104,109,101,101,79,134,58,143,121,129,98,35,137,2,37,75,138,95,1.0
2111,2022-23,1610612743,DEN,Denver Nuggets,42200312,2023-05-18T00:00:00,DEN vs. LAL,W,48.0,39,89,0.438,14,38,0.368,16,18,0.889,11,38,49,27,17.0,8,2,7,18,19,108,5.0,1,1,1,1,9,95,66,113,44,46,75,85,110,25,58,24,30,34,148,47,137,128,53,88,92,64,1.0
2112,2022-23,1610612743,DEN,Denver Nuggets,42200311,2023-05-16T00:00:00,DEN vs. LAL,W,48.0,50,91,0.549,15,32,0.469,17,22,0.773,15,32,47,29,11.0,5,7,4,21,21,132,6.0,1,1,1,1,9,4,51,11,32,101,15,75,66,105,19,87,47,19,49,111,21,55,95,60,3,58,1.0
2113,2022-23,1610612743,DEN,Denver Nuggets,42200402,2023-06-04T00:00:00,DEN vs. MIA,L,48.0,39,75,0.52,11,28,0.393,19,22,0.864,9,29,38,23,14.0,7,2,4,21,22,108,-3.0,1,85,85,85,9,95,162,26,92,131,56,53,66,42,91,126,121,89,98,60,137,55,95,40,92,91,1.0
2114,2022-23,1610612743,DEN,Denver Nuggets,42200405,2023-06-12T00:00:00,DEN vs. MIA,W,48.0,38,84,0.452,5,28,0.179,13,23,0.565,11,46,57,21,15.0,6,7,7,13,21,94,5.0,1,1,1,1,9,107,103,96,166,131,167,124,58,165,58,1,4,115,117,80,21,128,8,60,150,64,1.0
2115,2022-23,1610612743,DEN,Denver Nuggets,42200401,2023-06-01T00:00:00,DEN vs. MIA,W,48.0,40,79,0.506,8,27,0.296,16,20,0.8,6,39,45,29,10.0,4,4,4,8,15,104,11.0,1,1,1,1,9,82,140,35,137,139,124,85,89,85,141,18,61,19,31,132,81,55,1,141,107,37,1.0
2116,2022-23,1610612743,DEN,Denver Nuggets,42200142,2023-04-19T00:00:00,DEN vs. MIN,W,48.0,46,85,0.541,10,22,0.455,20,25,0.8,9,27,36,26,10.0,6,1,5,25,25,122,9.0,1,1,1,1,9,21,91,15,104,162,19,50,45,85,91,143,137,41,31,80,158,89,152,11,30,43,1.0
2117,2022-23,1610612743,DEN,Denver Nuggets,42200145,2023-04-25T00:00:00,DEN vs. MIN,W,48.0,34,85,0.4,12,34,0.353,32,36,0.889,16,31,47,22,12.0,10,3,4,21,27,112,3.0,1,1,1,1,9,145,91,139,81,80,82,2,7,25,14,103,47,102,62,20,115,55,95,5,71,75,1.0
2118,2022-23,1610612743,DEN,Denver Nuggets,42200141,2023-04-16T00:00:00,DEN vs. MIN,W,48.0,41,90,0.456,16,39,0.41,11,17,0.647,11,43,54,24,11.0,6,4,6,20,16,109,29.0,1,1,1,1,9,71,60,91,18,38,42,142,120,152,58,6,10,72,49,80,81,112,82,133,87,4,1.0
2119,2022-23,1610612743,DEN,Denver Nuggets,42200222,2023-05-01T00:00:00,DEN vs. PHX,W,48.0,36,76,0.474,7,27,0.259,18,21,0.857,5,36,41,19,13.0,5,6,4,16,25,97,10.0,1,1,1,1,9,127,160,68,149,139,141,63,79,48,154,36,99,142,78,111,42,55,29,11,138,40,1.0
2120,2022-23,1610612743,DEN,Denver Nuggets,42200221,2023-04-29T00:00:00,DEN vs. PHX,W,48.0,48,101,0.475,16,37,0.432,13,15,0.867,16,33,49,22,10.0,14,1,5,19,19,125,18.0,1,1,1,1,9,13,6,67,18,53,29,124,144,41,14,76,30,102,31,1,158,89,67,88,20,17,1.0
2121,2022-23,1610612743,DEN,Denver Nuggets,42200225,2023-05-09T00:00:00,DEN vs. PHX,W,48.0,42,85,0.494,13,27,0.481,21,28,0.75,10,40,50,32,10.0,6,6,7,17,22,118,16.0,1,1,1,1,9,53,91,48,55,139,14,40,31,118,82,11,23,5,31,80,42,128,37,40,48,22,1.0
2122,2022-23,1610612744,GSW,Golden State Warriors,42200231,2023-05-02T00:00:00,GSW vs. LAL,L,48.0,43,106,0.406,21,53,0.396,5,6,0.833,14,35,49,30,8.0,5,3,10,24,12,112,-5.0,1,85,85,85,9,41,2,135,2,1,53,164,165,62,23,50,30,15,12,111,115,162,141,162,71,98,1.0
2123,2022-23,1610612744,GSW,Golden State Warriors,42200235,2023-05-10T00:00:00,GSW vs. LAL,W,48.0,47,92,0.511,13,35,0.371,14,15,0.933,9,39,48,29,16.0,8,5,4,18,17,121,15.0,1,1,1,1,9,19,39,34,55,66,71,116,144,17,91,18,41,19,131,47,58,55,53,117,34,25,1.0
2124,2022-23,1610612744,GSW,Golden State Warriors,42200232,2023-05-04T00:00:00,GSW vs. LAL,W,48.0,48,95,0.505,21,42,0.5,10,16,0.625,13,42,55,38,16.0,2,3,3,23,15,127,27.0,1,1,1,1,9,13,25,41,2,23,5,149,132,158,35,9,8,1,131,161,115,33,130,141,14,5,1.0
2125,2022-23,1610612744,GSW,Golden State Warriors,42200164,2023-04-23T00:00:00,GSW vs. SAC,W,48.0,45,90,0.5,14,34,0.412,22,24,0.917,8,36,44,31,12.0,8,6,3,19,21,126,1.0,1,1,1,1,9,27,60,43,44,80,41,33,52,20,111,36,73,9,62,47,42,33,67,60,16,82,1.0
2126,2022-23,1610612744,GSW,Golden State Warriors,42200166,2023-04-28T00:00:00,GSW vs. SAC,L,48.0,32,86,0.372,10,32,0.313,25,35,0.714,11,31,42,20,18.0,14,6,8,23,26,99,-19.0,1,85,85,85,9,156,83,160,104,101,115,16,8,134,58,103,90,129,152,1,42,149,130,7,132,153,1.0
2127,2022-23,1610612744,GSW,Golden State Warriors,42200163,2023-04-20T00:00:00,GSW vs. SAC,W,48.0,40,100,0.4,16,50,0.32,18,23,0.783,18,41,59,31,12.0,12,5,3,19,22,114,17.0,1,1,1,1,9,82,8,139,18,3,105,63,58,102,4,10,1,9,62,10,58,33,67,40,63,18,1.0
2128,2022-23,1610612746,LAC,LA Clippers,42200173,2023-04-20T00:00:00,LAC vs. PHX,L,48.0,45,83,0.542,15,35,0.429,19,25,0.76,6,34,40,26,18.0,9,7,4,31,18,124,-5.0,1,85,85,85,9,27,114,14,32,66,32,53,45,113,141,61,108,41,152,35,21,55,167,103,24,98,1.0
2129,2022-23,1610612746,LAC,LA Clippers,42200174,2023-04-22T00:00:00,LAC vs. PHX,L,48.0,40,92,0.435,12,37,0.324,8,10,0.8,9,24,33,19,13.0,7,5,8,22,14,100,-12.0,1,85,85,85,9,82,39,119,81,53,100,158,159,85,91,159,156,142,78,60,58,149,110,151,128,133,1.0
2130,2022-23,1610612747,LAL,Los Angeles Lakers,42200313,2023-05-20T00:00:00,LAL vs. DEN,L,48.0,38,84,0.452,10,32,0.313,22,29,0.759,11,34,45,27,12.0,3,2,1,18,19,108,-11.0,1,85,85,85,9,107,103,96,104,101,115,33,22,115,58,61,61,34,62,147,137,2,53,88,92,130,1.0
2131,2022-23,1610612747,LAL,Los Angeles Lakers,42200314,2023-05-22T00:00:00,LAL vs. DEN,L,48.0,40,86,0.465,8,20,0.4,23,26,0.885,8,30,38,20,6.0,5,4,9,19,20,111,-2.0,1,85,85,85,9,82,83,84,137,166,47,23,41,29,111,114,121,129,3,111,81,157,67,75,78,88,1.0
2132,2022-23,1610612747,LAL,Los Angeles Lakers,42200234,2023-05-08T00:00:00,LAL vs. GSW,W,48.0,39,86,0.453,6,25,0.24,20,20,1.0,8,34,42,21,14.0,8,1,2,15,22,104,3.0,1,1,1,1,9,95,83,94,160,152,152,50,89,1,111,61,90,115,98,47,158,12,19,40,107,75,1.0
2133,2022-23,1610612747,LAL,Los Angeles Lakers,42200236,2023-05-12T00:00:00,LAL vs. GSW,W,48.0,39,75,0.52,13,26,0.5,31,42,0.738,6,40,46,25,7.0,6,6,2,17,30,122,21.0,1,1,1,1,9,95,162,26,55,147,5,3,3,124,141,11,56,55,5,80,42,12,37,3,30,10,1.0
2134,2022-23,1610612747,LAL,Los Angeles Lakers,42200233,2023-05-06T00:00:00,LAL vs. GSW,W,48.0,42,80,0.525,15,31,0.484,28,37,0.757,6,38,44,27,13.0,10,6,6,21,22,127,30.0,1,1,1,1,9,53,133,24,32,109,13,9,5,117,141,24,73,34,78,20,42,112,95,40,14,3,1.0
2135,2022-23,1610612747,LAL,Los Angeles Lakers,42200153,2023-04-22T00:00:00,LAL vs. MEM,W,48.0,41,90,0.456,7,28,0.25,22,27,0.815,11,37,48,19,16.0,11,8,2,18,22,111,10.0,1,1,1,1,9,71,60,91,149,131,146,33,34,77,58,30,41,142,131,13,13,12,53,40,78,40,1.0
2136,2022-23,1610612747,LAL,Los Angeles Lakers,42200156,2023-04-28T00:00:00,LAL vs. MEM,W,48.0,49,91,0.538,15,44,0.341,12,15,0.8,9,43,52,33,16.0,6,15,2,16,17,125,40.0,1,1,1,1,9,10,51,17,32,18,88,132,144,85,91,6,17,3,131,80,1,12,29,117,20,1,1.0
2137,2022-23,1610612747,LAL,Los Angeles Lakers,42200154,2023-04-24T00:00:00,LAL vs. MEM,W,53.0,41,94,0.436,10,36,0.278,25,31,0.806,13,39,52,22,15.0,5,11,7,17,26,117,6.0,1,1,1,1,1,71,30,115,104,60,132,16,15,84,35,18,17,102,117,111,4,128,37,7,50,58,1.0
2138,2022-23,1610612763,MEM,Memphis Grizzlies,42200152,2023-04-19T00:00:00,MEM vs. LAL,W,48.0,38,89,0.427,11,36,0.306,16,21,0.762,11,38,49,24,10.0,4,6,7,20,19,103,10.0,1,1,1,1,9,107,66,125,92,60,119,85,79,109,58,24,30,72,31,132,42,128,82,88,110,40,1.0
2139,2022-23,1610612763,MEM,Memphis Grizzlies,42200155,2023-04-26T00:00:00,MEM vs. LAL,W,48.0,44,99,0.444,14,40,0.35,14,17,0.824,14,38,52,24,11.0,6,2,3,19,17,116,17.0,1,1,1,1,9,35,10,106,44,32,83,116,120,73,23,24,17,72,49,80,137,33,67,117,54,18,1.0
2140,2022-23,1610612763,MEM,Memphis Grizzlies,42200151,2023-04-16T00:00:00,MEM vs. LAL,L,48.0,42,89,0.472,13,36,0.361,15,16,0.938,6,28,34,24,12.0,6,2,11,19,18,112,-16.0,1,85,85,85,9,53,66,69,55,60,79,101,132,13,141,136,149,72,62,80,137,164,67,103,71,145,1.0
2141,2022-23,1610612748,MIA,Miami Heat,42200303,2023-05-21T00:00:00,MIA vs. BOS,W,48.0,46,81,0.568,19,35,0.543,17,21,0.81,1,34,35,25,10.0,7,4,3,16,24,128,26.0,1,1,1,1,9,21,128,5,7,66,2,75,79,82,168,61,142,55,31,60,81,33,29,18,10,6,1.0
2142,2022-23,1610612748,MIA,Miami Heat,42200306,2023-05-27T00:00:00,MIA vs. BOS,L,48.0,33,93,0.355,14,30,0.467,23,29,0.793,17,30,47,22,5.0,5,4,8,24,22,103,-1.0,1,85,85,85,9,150,35,165,44,116,16,23,22,94,8,114,47,102,2,111,81,149,141,40,110,85,1.0
2143,2022-23,1610612748,MIA,Miami Heat,42200304,2023-05-23T00:00:00,MIA vs. BOS,L,48.0,34,78,0.436,8,32,0.25,23,28,0.821,12,32,44,18,16.0,5,2,8,18,24,99,-17.0,1,85,85,85,9,145,151,116,137,101,146,23,31,75,46,87,73,148,131,111,137,149,53,18,132,148,1.0
2144,2022-23,1610612748,MIA,Miami Heat,42200403,2023-06-07T00:00:00,MIA vs. DEN,L,48.0,34,92,0.37,11,35,0.314,15,19,0.789,10,23,33,20,4.0,7,3,5,22,18,94,-15.0,1,85,85,85,9,145,39,162,92,66,113,101,99,98,82,161,156,129,1,60,115,89,110,103,150,143,1.0
2145,2022-23,1610612748,MIA,Miami Heat,42200404,2023-06-09T00:00:00,MIA vs. DEN,L,48.0,35,78,0.449,8,25,0.32,17,20,0.85,8,29,37,23,15.0,2,3,7,19,18,95,-13.0,1,85,85,85,9,137,151,103,137,152,105,75,89,53,111,126,132,89,117,161,115,128,67,103,147,137,1.0
2146,2022-23,1610612748,MIA,Miami Heat,42200104,2023-04-24T00:00:00,MIA vs. MIL,W,48.0,43,87,0.494,13,32,0.406,20,25,0.8,9,38,47,21,16.0,9,5,6,20,20,119,5.0,1,1,1,1,9,41,79,47,55,101,45,50,45,85,91,24,47,115,131,35,58,112,82,75,43,64,1.0
2147,2022-23,1610612748,MIA,Miami Heat,42200103,2023-04-22T00:00:00,MIA vs. MIL,W,48.0,45,84,0.536,16,33,0.485,15,17,0.882,8,36,44,22,14.0,13,4,3,18,15,121,22.0,1,1,1,1,9,27,103,19,18,90,12,101,120,32,111,36,73,102,98,7,81,33,53,141,34,9,1.0
2148,2022-23,1610612748,MIA,Miami Heat,42200204,2023-05-08T00:00:00,MIA vs. NYK,W,48.0,40,85,0.471,13,39,0.333,16,22,0.727,13,31,44,28,13.0,7,4,4,21,23,109,8.0,1,1,1,1,9,82,91,73,55,38,89,85,66,128,35,103,73,24,78,60,81,55,95,29,87,48,1.0
2149,2022-23,1610612748,MIA,Miami Heat,42200206,2023-05-12T00:00:00,MIA vs. NYK,W,48.0,33,82,0.402,7,27,0.259,23,25,0.92,7,33,40,25,7.0,8,2,9,22,22,96,4.0,1,1,1,1,9,150,120,137,149,139,141,23,45,19,129,76,108,55,5,47,137,157,110,40,144,72,1.0
2150,2022-23,1610612748,MIA,Miami Heat,42200203,2023-05-06T00:00:00,MIA vs. NYK,W,48.0,35,90,0.389,7,32,0.219,28,31,0.903,13,37,50,17,14.0,3,5,3,25,22,105,19.0,1,1,1,1,9,137,60,150,149,101,157,9,15,21,35,30,23,158,98,147,58,33,152,40,104,14,1.0
2151,2022-23,1610612749,MIL,Milwaukee Bucks,42200102,2023-04-19T00:00:00,MIL vs. MIA,W,48.0,53,99,0.535,25,49,0.51,7,8,0.875,9,36,45,35,11.0,9,4,2,16,9,138,16.0,1,1,1,1,9,1,10,21,1,5,4,162,163,33,91,36,61,2,49,35,81,12,29,165,1,22,1.0
2152,2022-23,1610612749,MIL,Milwaukee Bucks,42200105,2023-04-26T00:00:00,MIL vs. MIA,L,53.0,42,91,0.462,14,33,0.424,28,45,0.622,10,46,56,20,16.0,4,1,5,21,31,126,-2.0,1,85,85,85,1,53,51,86,44,90,36,9,2,159,82,1,6,129,131,132,158,89,95,1,16,88,1.0
2153,2022-23,1610612749,MIL,Milwaukee Bucks,42200101,2023-04-16T00:00:00,MIL vs. MIA,L,48.0,45,91,0.495,11,45,0.244,16,22,0.727,8,30,38,29,13.0,3,4,1,22,24,117,-13.0,1,85,85,85,9,27,51,46,92,13,148,85,66,128,111,114,121,19,78,147,81,2,110,18,50,137,1.0
2154,2022-23,1610612750,MIN,Minnesota Timberwolves,42200143,2023-04-21T00:00:00,MIN vs. DEN,L,48.0,36,79,0.456,10,27,0.37,29,35,0.829,6,26,32,24,13.0,8,2,4,21,26,111,-9.0,1,85,85,85,9,127,140,90,104,139,72,5,8,69,141,148,160,72,78,47,137,55,95,7,78,122,1.0
2155,2022-23,1610612750,MIN,Minnesota Timberwolves,42200144,2023-04-23T00:00:00,MIN vs. DEN,W,53.0,42,93,0.452,13,34,0.382,17,22,0.773,14,37,51,23,12.0,6,7,5,19,23,114,6.0,1,1,1,1,1,53,35,99,55,80,63,75,66,105,23,30,20,89,62,80,21,89,67,29,63,58,1.0
2156,2022-23,1610612752,NYK,New York Knicks,42200134,2023-04-23T00:00:00,NYK vs. CLE,W,48.0,38,84,0.452,8,29,0.276,18,28,0.643,17,30,47,15,14.0,5,7,5,15,23,102,9.0,1,1,1,1,9,107,103,96,137,123,134,63,31,155,8,114,47,163,98,111,21,89,19,29,116,43,1.0
2157,2022-23,1610612752,NYK,New York Knicks,42200133,2023-04-21T00:00:00,NYK vs. CLE,W,48.0,39,83,0.47,10,33,0.303,11,18,0.611,11,34,45,21,14.0,14,5,4,17,18,99,20.0,1,1,1,1,9,95,114,75,104,90,122,142,110,160,58,61,61,115,98,1,58,55,37,103,132,11,1.0
2158,2022-23,1610612752,NYK,New York Knicks,42200202,2023-05-02T00:00:00,NYK vs. MIA,W,48.0,37,82,0.451,16,40,0.4,21,30,0.7,11,39,50,23,11.0,4,2,2,20,24,111,6.0,1,1,1,1,9,120,120,100,18,32,47,40,19,141,58,18,23,89,49,132,137,12,82,18,78,58,1.0
2159,2022-23,1610612752,NYK,New York Knicks,42200201,2023-04-30T00:00:00,NYK vs. MIA,L,48.0,41,86,0.477,7,34,0.206,12,20,0.6,12,36,48,20,13.0,6,4,5,21,14,101,-7.0,1,85,85,85,9,71,83,64,149,80,162,132,89,161,46,36,41,129,78,80,81,89,95,151,121,112,1.0
2160,2022-23,1610612752,NYK,New York Knicks,42200205,2023-05-10T00:00:00,NYK vs. MIA,W,48.0,35,71,0.493,13,34,0.382,29,40,0.725,14,36,50,23,19.0,6,4,4,19,30,112,9.0,1,1,1,1,9,137,166,51,55,80,63,5,4,132,23,36,23,89,160,80,81,55,67,3,71,43,1.0
2161,2022-23,1610612755,PHI,Philadelphia 76ers,42200122,2023-04-17T00:00:00,PHI vs. BKN,W,48.0,36,80,0.45,11,35,0.314,13,16,0.813,13,43,56,21,19.0,8,7,1,22,20,96,12.0,1,1,1,1,9,127,133,101,92,66,113,124,132,79,35,6,6,115,160,47,21,2,110,75,144,33,1.0
2162,2022-23,1610612755,PHI,Philadelphia 76ers,42200121,2023-04-15T00:00:00,PHI vs. BKN,W,48.0,42,89,0.472,21,43,0.488,16,16,1.0,14,24,38,32,9.0,14,3,5,17,15,121,20.0,1,1,1,1,9,53,66,69,2,21,10,85,132,1,23,159,121,5,21,1,115,89,37,141,34,11,1.0
2163,2022-23,1610612755,PHI,Philadelphia 76ers,42200213,2023-05-05T00:00:00,PHI vs. BOS,L,48.0,31,78,0.397,16,37,0.432,24,27,0.889,9,33,42,21,14.0,7,8,7,20,23,102,-12.0,1,85,85,85,9,158,151,144,18,53,29,21,34,25,91,76,90,115,98,60,13,128,82,29,116,133,1.0
2164,2022-23,1610612755,PHI,Philadelphia 76ers,42200216,2023-05-11T00:00:00,PHI vs. BOS,L,48.0,30,83,0.361,8,34,0.235,18,19,0.947,6,32,38,18,12.0,14,7,6,13,14,86,-9.0,1,85,85,85,9,163,114,164,137,80,155,63,99,8,141,87,121,148,62,1,21,112,8,151,162,122,1.0
2165,2022-23,1610612755,PHI,Philadelphia 76ers,42200214,2023-05-07T00:00:00,PHI vs. BOS,W,53.0,42,91,0.462,13,34,0.382,19,22,0.864,12,32,44,19,9.0,9,3,12,23,21,116,1.0,1,1,1,1,1,53,51,86,55,80,63,53,66,42,46,87,73,142,21,35,115,166,130,60,54,82,1.0
2166,2022-23,1610612756,PHX,Phoenix Suns,42200226,2023-05-11T00:00:00,PHX vs. DEN,L,48.0,38,79,0.481,11,28,0.393,13,20,0.65,2,27,29,20,14.0,3,5,3,22,22,100,-25.0,1,85,85,85,9,107,140,60,92,131,56,124,89,151,167,143,166,129,98,147,58,33,110,40,128,162,1.0
2167,2022-23,1610612756,PHX,Phoenix Suns,42200223,2023-05-05T00:00:00,PHX vs. DEN,W,48.0,48,95,0.505,9,28,0.321,16,18,0.889,7,34,41,24,9.0,5,6,5,24,21,121,7.0,1,1,1,1,9,13,25,41,124,131,103,85,110,25,129,61,99,72,21,111,42,89,141,60,34,54,1.0
2168,2022-23,1610612756,PHX,Phoenix Suns,42200224,2023-05-07T00:00:00,PHX vs. DEN,W,48.0,46,81,0.568,13,29,0.448,24,29,0.828,12,25,37,28,13.0,6,4,2,24,19,129,5.0,1,1,1,1,9,21,128,5,55,123,23,21,22,70,46,155,132,24,78,80,81,12,141,88,7,64,1.0
2169,2022-23,1610612756,PHX,Phoenix Suns,42200172,2023-04-18T00:00:00,PHX vs. LAC,W,48.0,50,85,0.588,10,24,0.417,13,14,0.929,7,28,35,30,11.0,6,6,4,22,20,123,14.0,1,1,1,1,9,4,91,2,104,156,39,124,150,18,129,136,142,15,49,80,42,55,110,75,26,27,1.0
2170,2022-23,1610612756,PHX,Phoenix Suns,42200171,2023-04-16T00:00:00,PHX vs. LAC,L,48.0,39,82,0.476,6,19,0.316,26,33,0.788,6,36,42,27,10.0,8,9,4,25,21,110,-5.0,1,85,85,85,9,95,120,65,160,167,109,14,12,101,141,36,90,34,31,47,8,55,152,60,85,98,1.0
2171,2022-23,1610612756,PHX,Phoenix Suns,42200175,2023-04-25T00:00:00,PHX vs. LAC,W,48.0,51,94,0.543,13,26,0.5,21,24,0.875,11,32,43,31,9.0,7,4,1,27,21,136,6.0,1,1,1,1,9,2,30,13,55,147,5,40,52,33,58,87,84,9,21,60,81,2,163,60,2,58,1.0
2172,2022-23,1610612758,SAC,Sacramento Kings,42200162,2023-04-17T00:00:00,SAC vs. GSW,W,48.0,42,92,0.457,9,38,0.237,21,29,0.724,12,29,41,22,14.0,11,5,2,25,26,114,8.0,1,1,1,1,9,53,39,88,124,46,154,40,22,133,46,126,99,102,98,13,58,12,152,7,63,48,1.0
2173,2022-23,1610612758,SAC,Sacramento Kings,42200165,2023-04-26T00:00:00,SAC vs. GSW,L,48.0,42,90,0.467,10,34,0.294,22,26,0.846,12,32,44,22,19.0,9,3,7,18,24,116,-7.0,1,85,85,85,9,53,60,82,104,80,126,33,41,55,46,87,73,102,160,35,115,128,53,18,54,112,1.0
2174,2022-23,1610612758,SAC,Sacramento Kings,42200167,2023-04-30T00:00:00,SAC vs. GSW,L,48.0,36,96,0.375,12,47,0.255,16,27,0.593,14,35,49,21,8.0,3,5,6,23,23,100,-20.0,1,85,85,85,9,127,19,157,81,10,145,85,34,162,23,50,30,115,12,147,58,112,130,29,128,156,1.0
2175,2022-23,1610612758,SAC,Sacramento Kings,42200161,2023-04-15T00:00:00,SAC vs. GSW,W,48.0,44,98,0.449,12,32,0.375,26,32,0.813,17,33,50,18,13.0,10,3,7,23,25,126,3.0,1,1,1,1,9,35,13,102,81,101,69,14,13,79,8,76,23,148,78,20,115,128,130,11,16,75,1.0
